ins,plate
AACBU,finance
AACG,real_estate
AACI,finance
AACIU,finance
AACIW,finance
AAME,finance
AAOI,technology
AAON,industrials
AAPG,health_care
AAPL,technology
AARD,health_care
ABAT,basic_materials
ABCL,health_care
ABEO,health_care
ABL,finance
ABLLL,finance
ABLLW,finance
ABNB,finance
ABOS,health_care
ABP,health_care
ABPWW,health_care
ABSI,health_care
ABTS,technology
ABUS,health_care
ABVC,health_care
ABVE,consumer_staples
ABVEW,consumer_staples
ABVX,health_care
ACAD,health_care
ACB,health_care
ACDC,energy
ACET,health_care
ACGL,finance
ACGLN,finance
ACGLO,finance
ACHC,health_care
ACHV,health_care
ACIC,finance
ACIU,health_care
ACIW,technology
ACLS,technology
ACLX,health_care
ACMR,technology
ACNB,finance
ACNT,industrials
ACON,health_care
ACONW,health_care
ACRS,health_care
ACRV,health_care
ACT,finance
ACTU,health_care
ACXP,health_care
ADAG,health_care
ADAP,health_care
ADBE,technology
ADEA,technology
ADGM,health_care
ADI,technology
ADIL,health_care
ADMA,health_care
ADP,technology
ADPT,health_care
ADSK,technology
ADTN,utilities
ADTX,health_care
ADUS,health_care
ADVB,health_care
ADVM,health_care
ADXN,health_care
AEHL,industrials
AEHR,industrials
AEI,finance
AEIS,technology
AEMD,health_care
AEP,utilities
AEYE,technology
AFBI,finance
AFCG,finance
AFRI,consumer_staples
AFRIW,consumer_staples
AFRM,finance
AFYA,real_estate
AGEN,health_care
AGFY,consumer_staples
AGIO,health_care
AGMH,technology
AGNC,real_estate
AGNCL,real_estate
AGNCM,real_estate
AGNCN,real_estate
AGNCO,real_estate
AGNCP,real_estate
AGRI,industrials
AGYS,technology
AHCO,health_care
AIFF,technology
AIFU,finance
AIHS,finance
AIMD,health_care
AIMDW,health_care
AIOT,telecommunications
AIP,technology
AIRE,finance
AIRG,technology
AIRJ,industrials
AIRJW,industrials
AIRO,industrials
AIRS,health_care
AISP,technology
AISPW,technology
AIXI,technology
AKAN,health_care
AKBA,health_care
AKRO,health_care
AKTX,health_care
AKYA,industrials
ALAB,technology
ALAR,technology
ALBT,health_care
ALCY,finance
ALCYW,finance
ALDFU,finance
ALDX,health_care
ALEC,health_care
ALFUW,finance
ALGM,technology
ALGN,health_care
ALGS,health_care
ALHC,health_care
ALKS,health_care
ALKT,technology
ALLO,health_care
ALLR,health_care
ALLT,telecommunications
ALMS,health_care
ALMU,technology
ALNT,industrials
ALNY,health_care
ALOT,technology
ALRM,technology
ALRS,finance
ALT,health_care
ALTI,finance
ALTO,industrials
ALVO,health_care
ALVOW,health_care
ALXO,health_care
ALZN,health_care
AMAL,finance
AMAT,technology
AMBA,technology
AMBR,finance
AMCX,telecommunications
AMD,technology
AMED,health_care
AMGN,health_care
AMIX,health_care
AMKR,technology
AMLX,health_care
AMPG,telecommunications
AMPGW,telecommunications
AMPH,health_care
AMPL,technology
AMRK,industrials
AMRN,health_care
AMRX,health_care
AMSF,finance
AMST,technology
AMTX,industrials
AMWD,basic_materials
ANAB,health_care
ANDE,industrials
ANEB,health_care
ANGO,health_care
ANIK,health_care
ANIP,health_care
ANIX,health_care
ANL,health_care
ANNA,energy
ANNAW,energy
ANNX,health_care
ANSS,technology
ANTA,finance
ANTX,health_care
ANY,finance
AOSL,technology
APA,energy
APEI,real_estate
APGE,health_care
API,technology
APLD,finance
APLM,health_care
APLMW,health_care
APLS,health_care
APLT,health_care
APM,health_care
APP,technology
APPF,technology
APPN,technology
APRE,health_care
APVO,health_care
APWC,industrials
APYX,health_care
AQB,consumer_staples
AQMS,industrials
AQST,health_care
ARAI,finance
ARAY,health_care
ARBB,technology
ARBE,technology
ARBEW,technology
ARBK,finance
ARBKL,finance
ARCB,industrials
ARCC,finance
ARCT,health_care
ARDX,health_care
AREB,industrials
AREBW,industrials
AREC,energy
ARGX,health_care
ARKO,consumer_staples
ARKOW,consumer_staples
ARLP,energy
ARM,technology
AROW,finance
ARQ,industrials
ARQQ,technology
ARQQW,technology
ARQT,health_care
ARTL,health_care
ARTNA,utilities
ARTV,health_care
ARTW,industrials
ARVN,health_care
ARWR,health_care
ASBP,health_care
ASBPW,health_care
ASMB,health_care
ASML,technology
ASND,health_care
ASNS,telecommunications
ASPCR,finance
ASPI,industrials
ASRT,health_care
ASRV,finance
ASST,technology
ASTC,industrials
ASTE,industrials
ASTI,technology
ASTL,industrials
ASTLW,industrials
ASUR,technology
ASYS,technology
ATAI,health_care
ATEC,health_care
ATEX,telecommunications
ATGL,technology
ATHA,health_care
ATHE,health_care
ATHR,technology
ATIIU,finance
ATIIW,finance
ATLC,finance
ATLCL,finance
ATLCP,finance
ATLCZ,finance
ATLN,industrials
ATLO,finance
ATLX,industrials
ATMC,finance
ATMCR,finance
ATMCW,finance
ATMVR,finance
ATNF,health_care
ATNFW,health_care
ATNI,telecommunications
ATOM,technology
ATOS,health_care
ATPC,health_care
ATRA,health_care
ATRC,health_care
ATRO,industrials
ATXS,health_care
ATYR,health_care
AUBN,finance
AUDC,utilities
AUID,technology
AUPH,health_care
AUR,technology
AURA,health_care
AUROW,technology
AUTL,health_care
AUUD,technology
AUUDW,technology
AVAH,health_care
AVAV,industrials
AVBP,health_care
AVDL,health_care
AVDX,technology
AVGO,technology
AVIR,health_care
AVNW,technology
AVO,consumer_staples
AVPT,technology
AVPTW,technology
AVR,health_care
AVT,technology
AVTX,health_care
AVXL,health_care
AWRE,technology
AXGN,health_care
AXINU,finance
AXON,industrials
AXSM,health_care
AXTI,technology
AYTU,health_care
AZ,industrials
AZN,health_care
AZTA,technology
BACCU,finance
BACQR,finance
BACQU,finance
BAFN,finance
BAND,technology
BANF,finance
BANFP,finance
BANL,energy
BANR,finance
BANX,finance
BASE,technology
BBIO,health_care
BBLG,health_care
BBNX,health_care
BCAB,health_care
BCAL,finance
BCAX,health_care
BCBP,finance
BCDA,health_care
BCG,finance
BCGWW,finance
BCLI,health_care
BCML,finance
BCPC,industrials
BCRX,health_care
BCTX,health_care
BCTXW,health_care
BCTXZ,health_care
BCYC,health_care
BDMD,health_care
BDMDW,health_care
BDRX,health_care
BDSX,health_care
BDTX,health_care
BEAM,health_care
BEAT,health_care
BEATW,health_care
BEEM,technology
BEEP,finance
BENF,finance
BENFW,finance
BETR,finance
BETRW,finance
BFC,finance
BFIN,finance
BFRG,health_care
BFRGW,health_care
BFRI,health_care
BFRIW,health_care
BFST,finance
BGC,finance
BGLC,health_care
BGM,health_care
BHF,finance
BHFAL,finance
BHFAM,finance
BHFAN,finance
BHFAO,finance
BHFAP,finance
BHRB,finance
BIAF,health_care
BIAFW,health_care
BIDU,technology
BIGC,technology
BIIB,health_care
BILI,technology
BIOA,health_care
BIOX,industrials
BITF,finance
BIVI,health_care
BJDX,health_care
BKR,industrials
BKYI,technology
BL,technology
BLBX,technology
BLDP,energy
BLFS,health_care
BLFY,finance
BLIN,technology
BLIV,technology
BLKB,technology
BLNE,consumer_staples
BLRX,health_care
BLTE,health_care
BLUWU,health_care
BLZE,technology
BMBL,technology
BMEA,health_care
BMR,technology
BMRA,health_care
BMRC,finance
BMRN,health_care
BNAI,technology
BNAIW,technology
BNGO,industrials
BNR,health_care
BNRG,industrials
BNTC,health_care
BNTX,health_care
BNZI,technology
BNZIW,technology
BOF,consumer_staples
BOKF,finance
BOLD,health_care
BOLT,health_care
BON,health_care
BOOM,industrials
BOSC,telecommunications
BOTJ,finance
BOXL,real_estate
BPMC,health_care
BPOP,finance
BPOPM,finance
BPRN,finance
BPYPM,finance
BPYPN,finance
BPYPO,finance
BPYPP,finance
BRAG,technology
BRFH,consumer_staples
BRID,consumer_staples
BRKL,finance
BRKR,industrials
BRLS,consumer_staples
BRLSW,consumer_staples
BRNS,health_care
BRTX,health_care
BRY,energy
BRZE,technology
BSAAU,finance
BSBK,finance
BSGM,health_care
BSLK,industrials
BSLKW,industrials
BSRR,finance
BSVN,finance
BSY,technology
BTAI,health_care
BTBT,finance
BTCS,finance
BTCT,real_estate
BTDR,finance
BTM,finance
BTMD,health_care
BTMWW,finance
BTOG,finance
BTSG,health_care
BTSGU,health_care
BULL,finance
BULLW,finance
BULLZ,finance
BUSE,finance
BUSEP,finance
BVFL,finance
BVS,health_care
BWAY,health_care
BWB,finance
BWBBP,finance
BWEN,telecommunications
BWFG,finance
BWIN,finance
BYFC,finance
BYND,consumer_staples
BYSI,health_care
BZ,technology
BZAI,finance
BZAIW,finance
CABA,health_care
CAC,finance
CACC,finance
CADL,health_care
CAI,health_care
CALC,health_care
CALM,consumer_staples
CAMT,technology
CAN,technology
CAPR,health_care
CAPS,health_care
CARE,finance
CARG,technology
CARM,health_care
CARV,finance
CASH,finance
CASI,health_care
CASK,consumer_staples
CATY,finance
CBFV,finance
CBIO,health_care
CBLL,health_care
CBNK,finance
CBSH,finance
CBUS,industrials
CCAP,finance
CCB,finance
CCBG,finance
CCCC,health_care
CCCM,finance
CCCMU,finance
CCCMW,finance
CCCS,technology
CCCXU,finance
CCD,finance
CCEP,consumer_staples
CCG,finance
CCGWW,finance
CCIRU,finance
CCIRW,finance
CCLD,technology
CCLDO,technology
CCNE,finance
CCNEP,finance
CCSI,technology
CDIO,health_care
CDIOW,health_care
CDLX,technology
CDNA,health_care
CDNS,technology
CDT,health_care
CDTG,industrials
CDTTW,health_care
CDTX,health_care
CDXS,industrials
CDZI,utilities
CDZIP,utilities
CECO,industrials
CEG,utilities
CELC,health_care
CELH,consumer_staples
CELU,health_care
CELUW,health_care
CELZ,finance
CENX,industrials
CEP,finance
CEPO,finance
CEPT,finance
CERO,health_care
CEROW,health_care
CERS,technology
CERT,technology
CETX,technology
CEVA,technology
CFBK,finance
CFFI,finance
CFFN,finance
CFLT,technology
CFSB,finance
CG,finance
CGABL,finance
CGBD,finance
CGBS,utilities
CGBSW,utilities
CGC,health_care
CGCT,finance
CGCTU,finance
CGCTW,finance
CGEM,health_care
CGEN,health_care
CGNT,technology
CGNX,industrials
CGO,finance
CGTL,technology
CGTX,health_care
CHACR,finance
CHCI,finance
CHCO,finance
CHEK,health_care
CHI,finance
CHKP,technology
CHMG,finance
CHNR,basic_materials
CHR,technology
CHRD,energy
CHRS,health_care
CHSCL,industrials
CHSCM,industrials
CHSCN,industrials
CHSCO,industrials
CHSCP,industrials
CHSN,consumer_staples
CHTR,telecommunications
CHW,finance
CHX,industrials
CHY,finance
CHYM,finance
CIFR,finance
CIFRW,finance
CIGI,finance
CIIT,energy
CINF,finance
CING,health_care
CINGW,health_care
CIVB,finance
CLBK,finance
CLBT,technology
CLDX,health_care
CLFD,utilities
CLGN,health_care
CLIR,industrials
CLLS,health_care
CLMB,technology
CLMT,energy
CLNE,utilities
CLNN,health_care
CLNNW,health_care
CLOV,health_care
CLPS,technology
CLPT,health_care
CLRB,health_care
CLRO,utilities
CLSD,health_care
CLSK,finance
CLSKW,finance
CLST,finance
CLYM,health_care
CMBM,technology
CMCO,industrials
CMCSA,telecommunications
CMCT,real_estate
CME,finance
CMMB,health_care
CMND,health_care
CMPO,finance
CMPOW,finance
CMPS,health_care
CMPX,health_care
CMTL,technology
CNCK,finance
CNCKW,finance
CNET,technology
CNEY,industrials
CNFR,finance
CNFRZ,finance
CNOB,finance
CNOBP,finance
CNSP,health_care
CNTA,health_care
CNTB,health_care
CNTX,health_care
CNXC,technology
COCH,health_care
COCHW,health_care
COCO,consumer_staples
COCP,health_care
CODA,industrials
CODX,health_care
COEP,health_care
COEPW,health_care
COFS,finance
COGT,health_care
COHU,industrials
COIN,finance
COKE,consumer_staples
COLB,finance
COLL,health_care
COMM,technology
COO,health_care
COOP,finance
COOT,consumer_staples
COOTW,consumer_staples
CORT,health_care
CORZ,finance
CORZW,finance
CORZZ,finance
COSM,health_care
COYA,health_care
CPB,consumer_staples
CPBI,finance
CPIX,health_care
CPRX,health_care
CPSS,finance
CPZ,finance
CRAQ,finance
CRAQR,finance
CRAQU,finance
CRBP,health_care
CRBU,health_care
CRCT,technology
CRDF,health_care
CRDL,health_care
CRDO,technology
CRESW,finance
CRESY,finance
CREX,technology
CRIS,health_care
CRMD,health_care
CRML,basic_materials
CRMLW,basic_materials
CRNC,technology
CRNT,technology
CRNX,health_care
CRON,health_care
CRSP,health_care
CRSR,technology
CRUS,technology
CRVL,finance
CRVO,health_care
CRVS,health_care
CRWD,technology
CRWV,technology
CSAI,technology
CSBR,health_care
CSCI,health_care
CSCO,telecommunications
CSGS,technology
CSIQ,technology
CSPI,technology
CSQ,finance
CSTE,industrials
CSTL,health_care
CSWCZ,finance
CSX,industrials
CTBI,finance
CTKB,industrials
CTMX,health_care
CTNM,health_care
CTOR,health_care
CTSH,technology
CTSO,health_care
CTXR,health_care
CUB,industrials
CUBA,finance
CUBWU,finance
CUE,health_care
CUPR,health_care
CVAC,health_care
CVBF,finance
CVKD,health_care
CVLT,technology
CVRX,health_care
CVV,technology
CWBC,finance
CWCO,utilities
CWD,finance
CWST,utilities
CXAI,technology
CXAIW,technology
CXDO,telecommunications
CYBR,technology
CYCC,health_care
CYCCP,health_care
CYCN,health_care
CYCU,technology
CYCUW,technology
CYN,technology
CYRX,health_care
CYTK,health_care
CZFS,finance
CZNC,finance
CZWI,finance
DAAQU,finance
DAIC,technology
DAICW,technology
DAIO,industrials
DARE,health_care
DATS,telecommunications
DATSW,telecommunications
DAVE,finance
DAVEW,finance
DAWN,health_care
DBVT,health_care
DBX,technology
DCBO,technology
DCGO,health_care
DCOM,finance
DCOMG,finance
DCOMP,finance
DCTH,health_care
DDI,technology
DDOG,technology
DEFT,finance
DERM,health_care
DEVS,finance
DFDV,finance
DGICA,finance
DGICB,finance
DGII,telecommunications
DGLY,technology
DGNX,technology
DGXX,finance
DH,technology
DHAI,health_care
DHAIW,health_care
DHC,real_estate
DHCNI,real_estate
DHCNL,real_estate
DHIL,finance
DIOD,technology
DJT,technology
DJTWW,technology
DMAAR,finance
DMAC,health_care
DMLP,energy
DMRC,technology
DNLI,health_care
DNTH,health_care
DNUT,consumer_staples
DOCU,technology
DOMH,health_care
DOMO,technology
DOX,technology
DOYU,technology
DPRO,industrials
DRIO,health_care
DRMA,health_care
DRMAW,health_care
DRRX,health_care
DRS,industrials
DRTS,health_care
DRTSW,health_care
DRUG,health_care
DSGN,health_care
DSGX,technology
DSP,technology
DSWL,industrials
DTCK,industrials
DTI,industrials
DTIL,health_care
DTSS,technology
DTST,technology
DTSTW,technology
DUO,finance
DUOL,technology
DUOT,technology
DVAX,health_care
DVLT,technology
DWSN,energy
DWTX,health_care
DXCM,health_care
DXPE,industrials
DXR,health_care
DXST,industrials
DYAI,health_care
DYN,health_care
EA,technology
EBC,finance
EBMT,finance
EBON,technology
EBTC,finance
ECBK,finance
ECOR,health_care
ECPG,finance
ECX,technology
ECXWW,technology
EDAP,health_care
EDBL,consumer_staples
EDBLW,consumer_staples
EDIT,health_care
EDSA,health_care
EDTK,real_estate
EEFT,finance
EEIQ,real_estate
EFSC,finance
EFSCP,finance
EFSI,finance
EGAN,technology
EGBN,finance
EH,industrials
EHTH,finance
EKSO,industrials
ELAB,health_care
ELDN,health_care
ELEV,health_care
ELSE,industrials
ELTK,technology
ELTX,health_care
ELUT,health_care
ELVN,health_care
ELWS,technology
EMBC,health_care
EMCG,finance
EMCGR,finance
EMCGW,finance
ENGN,health_care
ENGNW,health_care
ENGS,industrials
ENLT,utilities
ENLV,health_care
ENPH,technology
ENSC,health_care
ENSG,health_care
ENTA,health_care
ENTG,industrials
ENTO,health_care
ENTX,health_care
ENVB,health_care
EOLS,health_care
EPIX,health_care
EPRX,health_care
EPSM,consumer_staples
EPSN,energy
EQ,health_care
EQIX,real_estate
ERAS,health_care
ERIC,technology
ERIE,finance
ERII,technology
ERNA,health_care
ESGL,utilities
ESGLW,utilities
ESGR,finance
ESGRO,finance
ESGRP,finance
ESHA,finance
ESLA,health_care
ESLAW,health_care
ESLT,industrials
ESOA,industrials
ESPR,health_care
ESQ,finance
ESSA,finance
ESTA,health_care
ETNB,health_care
ETON,health_care
ETOR,finance
EU,basic_materials
EUDA,health_care
EUDAW,health_care
EVAX,health_care
EVCM,technology
EVER,technology
EVGN,industrials
EVGO,technology
EVGOW,technology
EVLV,technology
EVLVW,technology
EVO,health_care
EVOK,health_care
EVRG,utilities
EWBC,finance
EWTX,health_care
EXAS,health_care
EXC,utilities
EXE,energy
EXEEL,energy
EXEL,health_care
EXFY,technology
EXOZ,health_care
EXPI,finance
EXTR,telecommunications
EYE,health_care
EYEN,health_care
EYPT,industrials
FAAS,technology
FAASW,technology
FACTW,finance
FAMI,consumer_staples
FANG,energy
FARM,consumer_staples
FARO,industrials
FATE,health_care
FATN,technology
FBIO,health_care
FBIOP,health_care
FBIZ,finance
FBLA,finance
FBLG,health_care
FBNC,finance
FBRX,health_care
FCAP,finance
FCBC,finance
FCCO,finance
FCEL,energy
FCNCA,finance
FCNCO,finance
FCNCP,finance
FCUV,industrials
FDBC,finance
FDMT,health_care
FDSB,finance
FDUS,finance
FEAM,industrials
FEIM,industrials
FEMY,health_care
FENC,health_care
FER,industrials
FERAU,finance
FFBC,finance
FFIC,finance
FFIN,finance
FFIV,telecommunications
FGBI,finance
FGBIP,finance
FGEN,health_care
FGF,finance
FGFPP,finance
FGI,industrials
FGIWW,industrials
FHB,finance
FHTX,health_care
FIBK,finance
FINW,finance
FIP,energy
FISI,finance
FITB,finance
FITBI,finance
FITBO,finance
FITBP,finance
FIVN,technology
FIZZ,consumer_staples
FKWL,utilities
FLD,finance
FLDDW,finance
FLEX,technology
FLGC,health_care
FLGT,health_care
FLX,industrials
FLYE,industrials
FMAO,finance
FMBH,finance
FMNB,finance
FMST,basic_materials
FMSTW,basic_materials
FNGR,technology
FNLC,finance
FNWB,finance
FNWD,finance
FOLD,health_care
FONR,health_care
FORA,technology
FORD,industrials
FORL,finance
FORLU,finance
FORLW,finance
FORM,technology
FORTY,technology
FOX,industrials
FOXA,industrials
FOXX,telecommunications
FOXXW,telecommunications
FRAF,finance
FRBA,finance
FRD,industrials
FRHC,finance
FRME,finance
FRMEP,finance
FROG,technology
FRPH,finance
FRPT,consumer_staples
FRSH,technology
FRST,finance
FRSX,technology
FSBC,finance
FSBW,finance
FSEA,finance
FSFG,finance
FSLR,technology
FSTR,industrials
FSUN,finance
FSV,finance
FTAI,industrials
FTAIM,industrials
FTAIN,industrials
FTCI,technology
FTDR,finance
FTEK,industrials
FTHM,finance
FTLF,health_care
FTNT,technology
FTRE,health_care
FTRK,energy
FUFU,finance
FUFUW,finance
FULC,health_care
FULT,finance
FULTP,finance
FUNC,finance
FUND,finance
FUSB,finance
FUTU,finance
FVCB,finance
FVNNR,finance
FWONA,industrials
FWONK,industrials
FXNC,finance
FYBR,telecommunications
GABC,finance
GAIN,finance
GAINI,finance
GAINL,finance
GAINN,finance
GAINZ,finance
GALT,health_care
GANX,health_care
GBDC,finance
GBFH,finance
GBIO,health_care
GCBC,finance
GCL,technology
GCLWW,technology
GCMG,finance
GCMGW,finance
GCTK,health_care
GDC,industrials
GDEV,technology
GDEVW,technology
GDRX,technology
GDS,technology
GDTC,health_care
GDYN,technology
GECC,finance
GECCI,finance
GECCO,finance
GECCZ,finance
GEG,technology
GEGGL,technology
GEHC,health_care
GELS,health_care
GEN,technology
GENVR,technology
GEOS,industrials
GERN,health_care
GEVO,industrials
GFS,technology
GGAL,finance
GH,health_care
GHRS,health_care
GIBO,technology
GIBOW,technology
GIFI,industrials
GIG,finance
GIGGU,technology
GIGGW,finance
GIGM,technology
GILD,health_care
GILT,technology
GIPR,real_estate
GIPRW,real_estate
GITS,technology
GLBE,technology
GLBZ,finance
GLDD,industrials
GLE,technology
GLMD,health_care
GLPG,health_care
GLPI,real_estate
GLRE,finance
GLSI,health_care
GLTO,health_care
GLUE,health_care
GLXY,finance
GMAB,health_care
GMGI,technology
GMHS,technology
GMM,technology
GNFT,health_care
GNLX,health_care
GNPX,health_care
GNSS,consumer_staples
GNTA,health_care
GO,consumer_staples
GOCO,finance
GOOD,real_estate
GOODN,real_estate
GOODO,real_estate
GOOG,technology
GOOGL,technology
GOSS,health_care
GOVX,health_care
GOVXW,health_care
GPCR,health_care
GPRE,industrials
GRAL,health_care
GRCE,health_care
GREE,finance
GREEL,finance
GRFS,health_care
GRI,health_care
GRNQ,technology
GROW,finance
GRRR,technology
GRRRW,technology
GRYP,technology
GSBC,finance
GSHD,finance
GSHRU,finance
GSHRW,finance
GSIT,technology
GSIW,finance
GSM,basic_materials
GSUN,real_estate
GTBP,health_care
GTEC,industrials
GTI,energy
GTLB,technology
GTM,technology
GURE,industrials
GV,real_estate
GWAV,industrials
GWRS,utilities
GXAI,technology
GYRE,health_care
GYRO,real_estate
HAFC,finance
HAIN,consumer_staples
HALO,health_care
HBAN,finance
HBANL,finance
HBANM,finance
HBANP,finance
HBCP,finance
HBIO,industrials
HBNC,finance
HBT,finance
HCAT,technology
HCM,health_care
HCSG,health_care
HCTI,technology
HCWB,health_care
HFBL,finance
HFWA,finance
HIFS,finance
HIHO,industrials
HIMX,technology
HIT,finance
HIVE,finance
HKIT,technology
HKPD,health_care
HLIT,technology
HLNE,finance
HLP,industrials
HLVX,health_care
HMST,finance
HNNA,finance
HNNAZ,finance
HNRG,energy
HNVR,finance
HOLO,technology
HOLOW,technology
HOLX,health_care
HON,industrials
HONDU,finance
HONDW,finance
HONE,finance
HOOD,finance
HOOK,health_care
HOPE,finance
HOTH,health_care
HOVR,industrials
HOVRW,industrials
HOWL,health_care
HPAI,technology
HPAIW,technology
HPK,energy
HPKEW,energy
HRMY,health_care
HROW,health_care
HROWL,health_care
HROWM,health_care
HRTX,health_care
HRZN,finance
HSAI,industrials
HSCS,health_care
HSCSW,health_care
HSDT,health_care
HSIC,health_care
HSPO,finance
HSPOR,finance
HSPOU,finance
HSPOW,finance
HST,real_estate
HSTM,technology
HTBK,finance
HTCR,technology
HTLD,industrials
HTO,utilities
HTOO,energy
HTOOW,energy
HUBC,telecommunications
HUBCW,telecommunications
HUBCZ,telecommunications
HUDI,industrials
HUHU,telecommunications
HUIZ,finance
HUMA,health_care
HUMAW,health_care
HURA,health_care
HURC,industrials
HUT,finance
HWBK,finance
HWC,finance
HWCPZ,finance
HWH,health_care
HXHX,industrials
HYMC,basic_materials
HYMCL,basic_materials
HYPR,health_care
IAC,technology
IART,health_care
IAS,technology
IBCP,finance
IBEX,technology
IBG,consumer_staples
IBIO,health_care
IBKR,finance
IBOC,finance
IBRX,health_care
ICAD,health_care
ICCC,health_care
ICCM,health_care
ICG,technology
ICHR,technology
ICLR,health_care
ICMB,finance
ICU,health_care
ICUCW,health_care
ICUI,health_care
IDAI,technology
IDN,technology
IDXX,health_care
IDYA,health_care
IESC,industrials
IFBD,technology
IFRX,health_care
IGIC,finance
IGMS,health_care
IINN,health_care
IINNW,health_care
IKNA,health_care
IKT,health_care
ILLR,finance
ILLRW,finance
ILMN,health_care
ILPT,real_estate
IMAB,health_care
IMCC,health_care
IMCR,health_care
IMDX,health_care
IMKTA,consumer_staples
IMMP,health_care
IMMR,technology
IMMX,health_care
IMNM,health_care
IMNN,health_care
IMOS,technology
IMRN,health_care
IMRX,health_care
IMTE,consumer_staples
IMTX,health_care
IMTXW,health_care
IMUX,health_care
IMVT,health_care
INAB,health_care
INBK,finance
INBKZ,finance
INBS,health_care
INBX,health_care
INCR,health_care
INCY,health_care
INDB,finance
INDI,technology
INDP,health_care
INDV,health_care
INGN,health_care
INHD,industrials
INKT,health_care
INLF,industrials
INM,health_care
INMB,health_care
INMD,health_care
INNV,health_care
INO,health_care
INOD,technology
INSE,technology
INSG,telecommunications
INSM,health_care
INTA,technology
INTC,technology
INTG,real_estate
INTR,finance
INTS,health_care
INTU,technology
INTZ,telecommunications
INV,finance
INVA,health_care
INVE,technology
INZY,health_care
IOBT,health_care
IONR,industrials
IONS,health_care
IOSP,industrials
IOVA,health_care
IPA,health_care
IPCXU,finance
IPDN,technology
IPGP,technology
IPHA,health_care
IPOD,finance
IPODU,finance
IPODW,finance
IPSC,health_care
IPWR,technology
IPX,basic_materials
IQST,telecommunications
IRD,health_care
IRDM,telecommunications
IREN,technology
IRIX,health_care
IRMD,health_care
IROH,consumer_staples
IROHR,consumer_staples
IROHU,consumer_staples
IROHW,consumer_staples
IRON,health_care
IROQ,finance
IRTC,health_care
IRWD,health_care
ISBA,finance
ISPC,health_care
ISPO,finance
ISPOW,finance
ISPR,health_care
ISRG,health_care
ISRL,finance
ISRLW,finance
ISSC,technology
ISTR,finance
ITIC,finance
ITOS,health_care
ITRI,industrials
ITRM,health_care
ITRN,technology
IVA,health_care
IVDA,technology
IVDAW,technology
IVF,health_care
IVP,consumer_staples
IVVD,health_care
IXHL,health_care
JAGX,health_care
JAMF,technology
JANX,health_care
JAZZ,health_care
JBHT,industrials
JBIO,health_care
JBSS,consumer_staples
JDZG,real_estate
JFIN,finance
JFU,finance
JG,technology
JJSF,consumer_staples
JKHY,technology
JMSB,finance
JOYY,technology
JRVR,finance
JSM,finance
JSPR,health_care
JSPRW,health_care
JUNS,health_care
JVA,consumer_staples
JXG,consumer_staples
JZ,real_estate
KALA,health_care
KALU,industrials
KALV,health_care
KARO,technology
KC,technology
KDP,consumer_staples
KE,technology
KEQU,industrials
KFFB,finance
KG,finance
KGEI,energy
KHC,consumer_staples
KIDS,health_care
KIDZ,real_estate
KINS,finance
KITT,industrials
KITTW,industrials
KLAC,technology
KLIC,technology
KLRS,health_care
KLTO,health_care
KLTOW,health_care
KLTR,technology
KLXE,energy
KMDA,health_care
KMTS,health_care
KNSA,health_care
KOD,health_care
KOPN,technology
KOSS,consumer_staples
KPRX,health_care
KPTI,health_care
KRMD,health_care
KRNT,industrials
KRNY,finance
KROS,health_care
KRRO,health_care
KRT,industrials
KRYS,health_care
KSCP,telecommunications
KTCC,technology
KTOS,industrials
KTTA,health_care
KTTAW,health_care
KURA,health_care
KVHI,technology
KWE,technology
KWESW,technology
KYMR,health_care
KYTX,health_care
KZIA,health_care
KZR,health_care
LAB,industrials
LAES,technology
LAKE,health_care
LAMR,real_estate
LANC,consumer_staples
LAND,real_estate
LANDM,real_estate
LANDO,real_estate
LANDP,real_estate
LARK,finance
LASR,technology
LAUR,real_estate
LBRDA,telecommunications
LBRDK,telecommunications
LBRDP,telecommunications
LBTYA,telecommunications
LBTYB,telecommunications
LBTYK,telecommunications
LCCC,finance
LCCCU,finance
LCFY,technology
LCFYW,technology
LCNB,finance
LDWY,consumer_staples
LECO,industrials
LEDS,technology
LEGN,health_care
LENZ,health_care
LEXX,health_care
LFCR,health_care
LFMD,health_care
LFMDP,health_care
LFST,health_care
LFUS,energy
LFVN,health_care
LFWD,health_care
LGCL,technology
LGHL,finance
LGND,health_care
LGO,industrials
LGVN,health_care
LHSW,technology
LIEN,finance
LILA,telecommunications
LILAK,telecommunications
LIN,industrials
LINC,real_estate
LINE,real_estate
LINK,technology
LIQT,technology
LITE,telecommunications
LITM,basic_materials
LIVN,health_care
LIXT,health_care
LIXTW,health_care
LKFN,finance
LLYVA,industrials
LLYVK,industrials
LMAT,health_care
LMFA,finance
LMNR,consumer_staples
LNKB,finance
LNKS,technology
LNSR,health_care
LNT,utilities
LNTH,health_care
LNW,technology
LNZA,industrials
LNZAW,industrials
LOAN,real_estate
LOGI,technology
LOKVU,finance
LOOP,industrials
LOPE,real_estate
LPAAW,finance
LPCN,health_care
LPLA,finance
LPRO,finance
LPSN,technology
LPTH,technology
LPTX,health_care
LQDA,health_care
LRCX,technology
LRFC,finance
LRHC,finance
LRMR,health_care
LSAK,finance
LSB,health_care
LSBK,finance
LSBPW,health_care
LSCC,technology
LSE,industrials
LSTA,health_care
LSTR,industrials
LTRN,health_care
LTRX,telecommunications
LTRY,technology
LTRYW,technology
LUCD,health_care
LUCY,health_care
LUCYW,health_care
LUNG,health_care
LUNR,industrials
LVTX,health_care
LWACU,finance
LWAY,consumer_staples
LWLG,industrials
LX,finance
LXEH,real_estate
LXEO,health_care
LXRX,health_care
LYEL,health_care
LYRA,health_care
LZ,technology
LZMH,technology
MAAS,finance
MAMA,consumer_staples
MANH,technology
MAPS,technology
MAPSW,technology
MARA,technology
MARPS,energy
MASI,health_care
MASS,industrials
MATH,finance
MATW,telecommunications
MAXN,technology
MAYAR,finance
MAYS,real_estate
MAZE,health_care
MBAVU,finance
MBAVW,finance
MBBC,finance
MBCN,finance
MBIN,finance
MBINL,finance
MBINM,finance
MBINN,finance
MBIO,health_care
MBLY,technology
MBNKO,finance
MBNKP,finance
MBOT,health_care
MBRX,health_care
MBUU,industrials
MBWM,finance
MBX,health_care
MCBS,finance
MCFT,industrials
MCHP,technology
MCHPP,technology
MCRB,health_care
MCVT,finance
MDAI,health_care
MDAIW,health_care
MDB,technology
MDBH,finance
MDGL,health_care
MDLZ,consumer_staples
MDRR,real_estate
MDWD,health_care
MDXG,health_care
MDXH,health_care
MEDP,health_care
MEGL,finance
MEIP,health_care
MENS,health_care
MEOH,industrials
MERC,basic_materials
MESO,health_care
META,technology
METC,energy
METCB,energy
METCL,energy
METCZ,energy
MFH,finance
MFI,technology
MFIC,finance
MFICL,finance
MFIN,finance
MGEE,energy
MGIC,technology
MGNI,technology
MGNX,health_care
MGPI,consumer_staples
MGRM,health_care
MGRX,health_care
MGTX,health_care
MGX,health_care
MGYR,finance
MHUA,health_care
MIDD,industrials
MIGI,finance
MIND,industrials
MINM,utilities
MIRA,health_care
MIRM,health_care
MIST,health_care
MITK,technology
MKDW,technology
MKDWW,technology
MKSI,industrials
MKTW,technology
MKTX,finance
MLAB,industrials
MLEC,finance
MLECW,finance
MLGO,technology
MLTX,health_care
MLYS,health_care
MMLP,energy
MMSI,health_care
MNDO,technology
MNDR,technology
MNDY,technology
MNKD,health_care
MNMD,health_care
MNOV,health_care
MNPR,health_care
MNSB,finance
MNSBP,finance
MNST,consumer_staples
MNTK,utilities
MNTS,industrials
MNTSW,industrials
MOB,industrials
MOBBW,industrials
MOBX,technology
MOBXW,technology
MODD,health_care
MOFG,finance
MOGO,finance
MOLN,health_care
MOMO,technology
MORN,finance
MOVE,health_care
MPB,finance
MPWR,technology
MQ,technology
MRAM,technology
MRBK,finance
MRCC,finance
MRCY,technology
MREO,health_care
MRKR,health_care
MRNA,health_care
MRSN,health_care
MRTN,industrials
MRUS,health_care
MRVI,health_care
MRVL,technology
MRX,finance
MSAI,technology
MSAIW,technology
MSBI,finance
MSBIP,finance
MSEX,utilities
MSFT,technology
MSGM,technology
MSPR,technology
MSPRW,technology
MSPRZ,technology
MSS,consumer_staples
MSTR,technology
MTC,technology
MTCH,technology
MTEK,telecommunications
MTEKW,telecommunications
MTEN,industrials
MTEX,health_care
MTLS,technology
MTSI,technology
MTSR,health_care
MTVA,health_care
MU,technology
MURA,health_care
MVBF,finance
MVIS,technology
MXCT,health_care
MXL,technology
MYFW,finance
MYGN,health_care
MYNZ,health_care
MYPS,technology
MYPSW,technology
MYRG,industrials
MYSZ,technology
,technology
NAGE,health_care
NAII,health_care
NAKA,health_care
NAKAW,health_care
NAMI,real_estate
NAMM,basic_materials
NAMMW,basic_materials
NAMS,health_care
NAMSW,health_care
NAOV,health_care
NATR,health_care
NAUT,industrials
NAVI,finance
NB,basic_materials
NBBK,finance
NBIS,technology
NBIX,health_care
NBN,finance
NBTB,finance
NBTX,health_care
NCNA,health_care
NCNO,technology
NCPL,finance
NCPLW,finance
NCRA,consumer_staples
NCSM,energy
NCTY,finance
NDAQ,finance
NDRA,health_care
NDSN,industrials
NECB,finance
NEHC,energy
NEHCW,energy
NEO,health_care
NEOG,health_care
NEON,technology
NEPH,health_care
NERV,health_care
NESR,energy
NESRW,energy
NEWT,finance
NEWTG,finance
NEWTH,finance
NEWTI,finance
NEWTZ,finance
NEXN,technology
NEXT,utilities
NFBK,finance
NFE,utilities
NGNE,health_care
NHPAP,real_estate
NHPBP,real_estate
NICE,technology
NIOBW,basic_materials
NISN,industrials
NITO,industrials
NIVF,health_care
NIVFW,health_care
NIXX,technology
NIXXW,technology
NKSH,finance
NKTR,health_care
NKTX,health_care
NLSP,health_care
NLSPW,health_care
NMFC,finance
NMIH,finance
NMRA,health_care
NMRK,finance
NMTC,health_care
NN,industrials
NNAVW,industrials
NNBR,industrials
NNDM,technology
NNE,utilities
NNNN,health_care
NNOX,health_care
NODK,finance
NOTV,health_care
NPACU,finance
NPCE,health_care
NRC,health_care
NRDS,technology
NRIM,finance
NRIX,health_care
NRSN,health_care
NRSNW,health_care
NRXP,health_care
NRXPW,health_care
NSPR,health_care
NSSC,telecommunications
NSTS,finance
NSYS,technology
NTAP,technology
NTCL,technology
NTCT,technology
NTES,technology
NTGR,utilities
NTHI,health_care
NTIC,industrials
NTLA,health_care
NTNX,technology
NTRA,health_care
NTRB,health_care
NTRBW,health_care
NTRS,finance
NTRSO,finance
NTWK,technology
NUVL,health_care
NUWE,health_care
NVA,basic_materials
NVAWW,basic_materials
NVAX,health_care
NVCR,health_care
NVCT,health_care
NVDA,technology
NVEC,technology
NVMI,technology
NVNI,technology
NVNIW,technology
NVNO,health_care
NVTS,technology
NVVE,industrials
NVVEW,industrials
NWBI,finance
NWE,utilities
NWFL,finance
NWGL,energy
NWL,industrials
NWPX,industrials
NXGL,health_care
NXGLW,health_care
NXL,health_care
NXLIW,health_care
NXPI,technology
NXPL,telecommunications
NXPLW,telecommunications
NXST,industrials
NXT,industrials
NXTC,health_care
NXTT,technology
NYAX,technology
NYMT,real_estate
NYMTG,real_estate
NYMTI,real_estate
NYMTL,real_estate
NYMTM,real_estate
NYMTN,real_estate
NYMTZ,real_estate
NYXH,health_care
OABI,health_care
OABIW,health_care
OACC,finance
OACCW,finance
OAKU,finance
OAKUR,finance
OAKUW,finance
OBIO,health_care
OBLG,technology
OBT,finance
OCC,industrials
OCCI,finance
OCCIN,finance
OCCIO,finance
OCFC,finance
OCGN,health_care
OCS,health_care
OCSL,finance
OCUL,health_care
ODFL,industrials
ODVWZ,basic_materials
ODYS,technology
OFIX,health_care
OFLX,industrials
OFS,finance
OFSSH,finance
OGI,health_care
OKTA,technology
OKUR,health_care
OKYO,health_care
OLED,technology
OLMA,health_care
OM,health_care
OMCC,finance
OMCL,technology
OMDA,health_care
OMER,health_care
OMH,finance
OMSE,industrials
ON,technology
ONB,finance
ONBPO,finance
ONBPP,finance
ONC,health_care
ONCO,health_care
ONCY,health_care
ONDS,technology
ONFO,technology
ONFOW,technology
ONMD,health_care
ONMDW,health_care
OPAL,utilities
OPBK,finance
OPCH,health_care
OPEN,finance
OPI,finance
OPINL,finance
OPK,health_care
OPOF,finance
OPRA,technology
OPRT,finance
OPTX,technology
OPTXW,technology
OPXS,technology
ORGN,industrials
ORGNW,industrials
ORGO,health_care
ORIC,health_care
ORIS,consumer_staples
ORKA,health_care
ORKT,technology
ORMP,health_care
ORRF,finance
OS,technology
OSBC,finance
OSIS,technology
OSPN,technology
OSRH,health_care
OSRHW,health_care
OSS,technology
OST,technology
OSUR,health_care
OTEX,technology
OTLK,health_care
OTLY,consumer_staples
OTRK,health_care
OTTR,utilities
OUST,industrials
OUSTW,industrials
OUSTZ,industrials
OVBC,finance
OVID,health_care
OVLY,finance
OXBR,finance
OXBRW,finance
OXLC,finance
OXLCG,finance
OXLCL,finance
OXLCN,finance
OXLCO,finance
OXLCP,finance
OXLCZ,finance
OXSQ,finance
OXSQZ,finance
OZK,finance
OZKAP,finance
PAA,energy
PACB,industrials
PAGP,energy
PAHC,health_care
PALI,health_care
PAMT,industrials
PANW,technology
PARA,industrials
PARAA,industrials
PASG,health_care
PAVM,health_care
PAVS,health_care
PAX,finance
PBBK,finance
PBFS,finance
PBHC,finance
PBM,health_care
PBMWW,health_care
PBYI,health_care
PCB,finance
PCH,real_estate
PCRX,health_care
PCSA,health_care
PCT,industrials
PCTTW,industrials
PCTY,technology
PCVX,health_care
PCYO,utilities
PDEX,health_care
PDFS,technology
PDLB,finance
PDSB,health_care
PDYN,technology
PDYNW,technology
PEBK,finance
PEBO,finance
PECO,real_estate
PEGA,technology
PELI,finance
PELIR,finance
PELIU,finance
PENG,technology
PEP,consumer_staples
PEPG,health_care
PERI,technology
PESI,industrials
PETS,consumer_staples
PETZ,industrials
PFAI,consumer_staples
PFBC,finance
PFG,finance
PFIS,finance
PFX,finance
PFXNZ,finance
PGC,finance
PGEN,health_care
PGNY,health_care
PGY,finance
PGYWW,finance
PHAR,health_care
PHAT,health_care
PHIO,health_care
PHUN,technology
PHVS,health_care
PI,technology
PIII,health_care
PIIIW,health_care
PKBK,finance
PKOH,industrials
PLAB,technology
PLBC,finance
PLL,industrials
PLMR,finance
PLPC,industrials
PLRX,health_care
PLSE,health_care
PLTK,technology
PLTR,technology
PLUG,energy
PLUR,health_care
PLUS,technology
PLUT,finance
PLXS,technology
PMCB,health_care
PMEC,finance
PMN,health_care
PMTR,finance
PMTRU,finance
PMTRW,finance
PMVP,health_care
PN,technology
PNBK,finance
PNFP,finance
PNFPP,finance
PNRG,energy
PNTG,health_care
POAI,health_care
POCI,health_care
PODC,technology
PODD,health_care
POET,technology
PONY,technology
POWI,technology
POWL,energy
POWW,industrials
POWWP,industrials
PPBI,finance
PPBT,health_care
PPC,consumer_staples
PPIH,industrials
PPSI,industrials
PPTA,basic_materials
PRAA,finance
PRAX,health_care
PRCH,technology
PRCT,health_care
PRDO,real_estate
PRE,finance
PRENW,finance
PRFX,health_care
PRGS,technology
PRLD,health_care
PRME,health_care
PROF,health_care
PROK,health_care
PROP,finance
PROV,finance
PRPH,health_care
PRPO,industrials
PRQR,health_care
PRSO,technology
PRTA,health_care
PRTC,health_care
PRTG,energy
PRVA,health_care
PRZO,industrials
PSEC,finance
PSIX,industrials
PSNL,health_care
PSTV,health_care
PT,technology
PTC,technology
PTCT,health_care
PTEN,energy
PTGX,health_care
PTHL,health_care
PTIX,health_care
PTIXW,health_care
PTLE,energy
PTMN,finance
PUBM,technology
PULM,health_care
PVBC,finance
PVLA,health_care
PWM,finance
PWOD,finance
PWP,finance
PXLW,technology
PYPD,health_care
PYXS,health_care
QCOM,technology
QCRH,finance
QDEL,health_care
QETA,finance
QETAR,finance
QFIN,finance
QIPT,health_care
QLGN,health_care
QLYS,technology
QMCO,technology
QNCX,health_care
QNRX,health_care
QNTM,health_care
QQQX,finance
QRHC,utilities
QRVO,technology
QSEA,finance
QSEAU,finance
QSG,real_estate
QSI,industrials
QSIAW,industrials
QTRX,industrials
QTTB,health_care
QUBT,technology
QUIK,technology
QURE,health_care
RAAQU,finance
RAIL,industrials
RAIN,technology
RAINW,technology
RAND,finance
RANI,health_care
RAPP,health_care
RAPT,health_care
RARE,health_care
RBB,finance
RBBN,technology
RBCAA,finance
RBKB,finance
RCAT,technology
RCEL,health_care
RCKT,health_care
RCKTW,health_care
RCON,energy
RDAG,finance
RDAGU,finance
RDAGW,finance
RDCM,technology
RDFN,finance
RDGT,consumer_staples
RDHL,health_care
RDNT,health_care
RDVT,technology
RDZN,finance
RDZNW,finance
REAX,finance
REFI,real_estate
REG,real_estate
REGCO,real_estate
REGCP,real_estate
REGN,health_care
REKR,telecommunications
RELI,finance
RELIW,finance
RELL,technology
RENB,health_care
REPL,health_care
RETO,industrials
REVB,health_care
REVBW,health_care
RFAIR,technology
RFIL,technology
RGC,health_care
RGCO,utilities
RGEN,health_care
RGLD,industrials
RGNX,health_care
RGTI,technology
RGTIW,technology
RHLD,finance
RIGL,health_care
RILY,finance
RILYG,finance
RILYK,finance
RILYL,finance
RILYN,finance
RILYP,finance
RILYT,finance
RILYZ,finance
RIME,consumer_staples
RIOT,finance
RITR,finance
RKDA,consumer_staples
RKLB,industrials
RLAY,health_care
RLMD,health_care
RLYB,health_care
RMBI,finance
RMBL,technology
RMBS,technology
RMCF,consumer_staples
RMSG,technology
RMSGW,technology
RMTI,health_care
RNA,health_care
RNAC,health_care
RNAZ,health_care
RNTX,health_care
RNW,utilities
RNWWW,utilities
RNXT,health_care
ROAD,industrials
ROCK,industrials
ROIV,health_care
ROKU,telecommunications
ROOT,finance
ROP,industrials
RPD,technology
RPID,industrials
RPRX,health_care
RPTX,health_care
RR,industrials
RSLS,health_care
RTAC,finance
RTACU,finance
RTACW,finance
RUM,technology
RUMBW,technology
RVMD,health_care
RVPH,health_care
RVPHW,health_care
RVSB,finance
RVSN,industrials
RVSNW,industrials
RWAY,finance
RWAYL,finance
RWAYZ,finance
RXRX,health_care
RXST,health_care
RXT,technology
RYET,technology
RYTM,health_care
RZLT,health_care
RZLV,technology
RZLVW,technology
SABR,technology
SABS,health_care
SABSW,health_care
SAFT,finance
SAFX,industrials
SAGE,health_care
SAGT,technology
SAIA,industrials
SAIC,technology
SAIH,technology
SAIHW,technology
SAIL,technology
SAMG,finance
SANA,health_care
SANG,technology
SANM,technology
SANW,consumer_staples
SATL,technology
SATLW,technology
SAVA,health_care
SBAC,real_estate
SBC,health_care
SBCF,finance
SBCWW,health_care
SBET,technology
SBFG,finance
SBFM,health_care
SBFMW,health_care
SBGI,industrials
SBRA,real_estate
SCKT,technology
SCLX,health_care
SCLXW,health_care
SCNI,health_care
SCNX,health_care
SCPH,health_care
SCSC,technology
SCYX,health_care
SDGR,health_care
SDHI,finance
SDHIU,finance
SDST,industrials
SDSTW,industrials
SEDG,technology
SEED,consumer_staples
SEER,industrials
SEIC,finance
SELF,real_estate
SELX,technology
SENEA,consumer_staples
SENEB,consumer_staples
SEPN,health_care
SERA,health_care
SEVN,real_estate
SFBC,finance
SFD,consumer_staples
SFM,consumer_staples
SFNC,finance
SFST,finance
SFWL,industrials
SGD,finance
SGHT,health_care
SGMA,technology
SGML,basic_materials
SGMO,health_care
SGMT,health_care
SGRY,health_care
SHBI,finance
SHC,health_care
SHEN,telecommunications
SHFS,finance
SHFSW,finance
SHIM,industrials
SHLS,technology
SHMD,technology
SHMDW,technology
SHOP,technology
SHPH,health_care
SIBN,health_care
SIDU,telecommunications
SIEB,finance
SIFY,technology
SIGA,health_care
SIGI,finance
SIGIP,finance
SILC,telecommunications
SIMAW,finance
SIMO,technology
SINT,health_care
SION,health_care
SISI,health_care
SITM,technology
SJ,technology
SKIN,health_care
SKK,industrials
SKWD,finance
SKYE,health_care
SKYQ,industrials
SKYT,technology
SLAB,technology
SLDB,health_care
SLDE,finance
SLGL,health_care
SLM,finance
SLMBP,finance
SLN,health_care
SLNG,utilities
SLNH,technology
SLNHP,technology
SLNO,health_care
SLP,technology
SLRC,finance
SLRX,health_care
SLS,health_care
SLXN,health_care
SLXNW,health_care
SMBC,finance
SMCI,technology
SMID,industrials
SMLR,health_care
SMMT,health_care
SMSI,technology
SMTC,technology
SMTI,health_care
SMTK,technology
SMX,technology
SMXWW,technology
SNAL,technology
SNCR,technology
SND,industrials
SNDK,technology
SNDL,health_care
SNDX,health_care
SNES,industrials
SNEX,finance
SNFCA,finance
SNGX,health_care
SNOA,health_care
SNPS,technology
SNPX,health_care
SNRE,telecommunications
SNSE,health_care
SNT,telecommunications
SNTG,finance
SNTI,health_care
SNWV,health_care
SNY,health_care
SNYR,health_care
SOFI,finance
SOGP,technology
SOHO,real_estate
SOHOB,real_estate
SOHON,real_estate
SOHOO,real_estate
SOHU,technology
SONM,utilities
SONN,health_care
SONO,consumer_staples
SOPH,health_care
SORA,industrials
SOTK,technology
SOUN,technology
SOUNW,technology
SOWG,consumer_staples
SPAI,health_care
SPCB,technology
SPFI,finance
SPNS,technology
SPOK,telecommunications
SPRC,health_care
SPRO,health_care
SPRY,health_care
SPSC,technology
SPT,technology
SPWR,technology
SPWRW,technology
SQFT,real_estate
SQFTP,real_estate
SQFTW,real_estate
SRAD,technology
SRBK,finance
SRCE,finance
SRDX,health_care
SRPT,health_care
SRRK,health_care
SRTS,health_care
SRZN,health_care
SRZNW,health_care
SSBI,finance
SSBK,finance
SSII,health_care
SSKN,health_care
SSNC,technology
SSP,industrials
SSRM,industrials
SSSS,finance
SSSSL,finance
SSTI,technology
SSYS,technology
STAA,health_care
STAI,industrials
STAK,industrials
STBA,finance
STEC,finance
STEP,finance
STHO,real_estate
STIM,health_care
STKH,consumer_staples
STKL,industrials
STLD,industrials
STNE,technology
STOK,health_care
STRA,real_estate
STRD,technology
STRF,technology
STRK,technology
STRL,industrials
STRM,technology
STRO,health_care
STRR,health_care
STRRP,health_care
STRS,real_estate
STSS,health_care
STSSW,finance
STTK,health_care
STX,technology
SUNE,utilities
SUNS,real_estate
SUPN,health_care
SUUN,utilities
SVC,real_estate
SVCCW,finance
SVCO,technology
SVII,finance
SVIIW,finance
SVRA,health_care
SVRE,technology
SVREW,technology
SWBI,industrials
SWIM,industrials
SWIN,finance
SWKH,finance
SWKS,technology
SWTX,health_care
SXTC,health_care
SXTP,health_care
SXTPW,health_care
SY,technology
SYBT,finance
SYBX,health_care
SYM,industrials
SYNA,technology
SYPR,industrials
SYRE,health_care
SYTA,telecommunications
SYTAW,telecommunications
SZZL,finance
SZZLR,finance
SZZLU,finance
TACHU,finance
TACO,finance
TACOU,finance
TACOW,finance
TACT,technology
TAIT,technology
TALK,health_care
TALKW,health_care
TANH,industrials
TAOP,technology
TARA,health_care
TARS,health_care
TASK,technology
TATT,industrials
TAVI,finance
TAYD,industrials
TBBK,finance
TBCH,telecommunications
TBLA,technology
TBLAW,technology
TBLD,finance
TBMC,finance
TBMCR,finance
TBPH,health_care
TBRG,technology
TCBI,finance
TCBIO,finance
TCBK,finance
TCBS,finance
TCBX,finance
TCMD,health_care
TCPC,finance
TCRT,health_care
TCRX,health_care
TCX,technology
TEAD,technology
TEAM,technology
TECH,health_care
TECTP,finance
TECX,health_care
TELA,health_care
TELO,health_care
TEM,technology
TENB,technology
TENX,health_care
TER,industrials
TERN,health_care
TFIN,finance
TFINP,finance
TFSL,finance
TGTX,health_care
THAR,health_care
THFF,finance
THRD,health_care
THTX,health_care
TIGO,telecommunications
TIGR,finance
TIL,health_care
TIPT,finance
TIRX,finance
TIVC,health_care
TKNO,health_care
TLN,utilities
TLPH,health_care
TLRY,health_care
TLS,technology
TLSA,health_care
TLSI,health_care
TLSIW,health_care
TLX,health_care
TMC,basic_materials
TMCI,health_care
TMCWW,basic_materials
TMDX,health_care
TMUS,telecommunications
TNDM,health_care
TNFA,health_care
TNGX,health_care
TNON,health_care
TNONW,health_care
TNXP,health_care
TNYA,health_care
TOI,health_care
TOIIW,health_care
TOMZ,industrials
TOP,finance
TOWN,finance
TPCS,industrials
TPG,finance
TPIC,industrials
TPST,health_care
TRAW,health_care
TRDA,health_care
TREE,finance
TRIB,health_care
TRIN,finance
TRINI,finance
TRINZ,finance
TRIP,technology
TRMB,industrials
TRMK,finance
TRML,health_care
TRNR,technology
TRNS,industrials
TROO,finance
TROW,finance
TRS,industrials
TRSG,industrials
TRST,finance
TRUE,technology
TRUP,health_care
TRVG,technology
TRVI,health_care
TSAT,industrials
TSBK,finance
TSBX,health_care
TSEM,technology
TSHA,health_care
TTAN,technology
TTD,technology
TTGT,telecommunications
TTMI,technology
TTNP,health_care
TTWO,technology
TURN,finance
TUSK,energy
TVACU,finance
TVAIU,finance
TVGN,health_care
TVGNW,health_care
TVRD,health_care
TVTX,health_care
TW,finance
TWFG,finance
TWG,consumer_staples
TWIN,industrials
TWST,health_care
TXG,industrials
TXMD,health_care
TXN,technology
TYGO,technology
TYRA,health_care
TZUP,technology
UBCP,finance
UBFO,finance
UBSI,finance
UBX,health_care
UBXG,technology
UCTT,technology
UDMY,real_estate
UEIC,consumer_staples
UFCS,finance
UFG,energy
UFPI,basic_materials
UFPT,health_care
ULH,industrials
ULY,technology
UMBF,finance
UMBFO,finance
UNB,finance
UNCY,health_care
UNIT,real_estate
UNTY,finance
UOKA,finance
UPB,health_care
UPC,health_care
UPLD,technology
UPST,finance
UPWK,technology
UPXI,health_care
URGN,health_care
UROY,finance
USAR,basic_materials
USARW,basic_materials
USAU,basic_materials
USCB,finance
USEG,energy
USGO,basic_materials
USGOW,basic_materials
USIO,finance
USLM,industrials
UTHR,health_care
UTMD,health_care
UTSI,telecommunications
UVSP,finance
UYSC,finance
UYSCR,finance
VABK,finance
VACHW,finance
VALN,health_care
VALU,finance
VANI,health_care
VAPE,industrials
VBIX,technology
VBNK,finance
VBTX,finance
VCEL,health_care
VCICW,finance
VCTR,finance
VCYT,health_care
VECO,technology
VEEA,finance
VEEAW,finance
VEEE,industrials
VEON,telecommunications
VERA,health_care
VERI,technology
VERO,health_care
VERU,health_care
VERV,health_care
VERX,technology
VFS,finance
VGAS,industrials
VGASW,industrials
VIASP,utilities
VIAV,technology
VICR,technology
VIGL,health_care
VINP,finance
VIR,health_care
VITL,consumer_staples
VIVK,utilities
VIVS,health_care
VKTX,health_care
VLGEA,consumer_staples
VLY,finance
VLYPN,finance
VLYPO,finance
VLYPP,finance
VMAR,industrials
VMD,health_care
VMEO,technology
VNDA,health_care
VNET,technology
VNOM,energy
VOD,telecommunications
VOR,health_care
VOXR,basic_materials
VRAR,technology
VRAX,health_care
VRCA,health_care
VRDN,health_care
VREX,technology
VRME,technology
VRNA,health_care
VRNS,technology
VRNT,technology
VRSK,technology
VRSN,technology
VRTX,health_care
VS,technology
VSA,real_estate
VSAT,technology
VSEE,health_care
VSEEW,health_care
VSSYW,technology
VSTA,real_estate
VSTM,health_care
VTGN,health_care
VTRS,health_care
VTVT,health_care
VTYX,health_care
VUZI,technology
VVOS,health_care
VVPR,utilities
VXRT,health_care
VYGR,health_care
VYNE,health_care
WABC,finance
WAFD,finance
WAFDP,finance
WAFU,real_estate
WASH,finance
WATT,technology
WAVE,utilities
WAY,technology
WB,technology
WBA,consumer_staples
WBD,telecommunications
WCT,technology
WDAY,technology
WDC,technology
WDFC,industrials
WENNU,finance
WERN,industrials
WEST,consumer_staples
WETH,technology
WETO,industrials
WEYS,consumer_staples
WFCF,technology
WFRD,industrials
WGRX,health_care
WGS,technology
WGSWW,technology
WHF,finance
WHLR,real_estate
WHLRD,real_estate
WHLRL,real_estate
WHLRP,real_estate
WHWK,health_care
WIMI,technology
WINT,health_care
WIX,technology
WKEY,technology
WLACU,finance
WLDS,telecommunications
WLDSW,telecommunications
WNEB,finance
WOK,health_care
WPRT,industrials
WRAP,industrials
WRD,technology
WRLD,finance
WSBC,finance
WSBCP,finance
WSBF,finance
WSC,industrials
WSFS,finance
WTBA,finance
WTF,finance
WTFC,finance
WTFCM,finance
WTFCN,finance
WTFCP,finance
WTO,technology
WTW,finance
WULF,technology
WVE,health_care
WVVI,consumer_staples
WVVIP,consumer_staples
WWD,energy
WYHG,consumer_staples
XAGE,health_care
XAGEW,health_care
XAIR,health_care
XBIO,health_care
XBIT,health_care
XCH,industrials
XCUR,health_care
XEL,utilities
XENE,health_care
XERS,health_care
XFOR,health_care
XGN,health_care
XHG,finance
XLO,health_care
XNCR,health_care
XNET,technology
XOMA,health_care
XOMAO,health_care
XOMAP,health_care
XP,finance
XPEL,industrials
XRAY,health_care
XRTX,health_care
XRX,technology
XTIA,technology
XTKG,technology
XTLB,health_care
XXII,health_care
XYLO,health_care
YAAS,technology
YB,finance
YHC,consumer_staples
YHGJ,industrials
YI,consumer_staples
YIBO,industrials
YMAB,health_care
YORW,utilities
YQ,real_estate
YXT,technology
ZBAO,finance
ZBIO,health_care
ZBRA,industrials
ZCMD,real_estate
ZD,telecommunications
ZENA,technology
ZENV,technology
ZEUS,industrials
ZIMV,health_care
ZION,finance
ZIONP,finance
ZJK,industrials
ZJYL,health_care
ZKIN,industrials
ZLAB,health_care
ZM,technology
ZNTL,health_care
ZOOZ,technology
ZOOZW,technology
ZS,technology
ZSPC,technology
ZTEK,industrials
ZURA,health_care
ZVRA,health_care
ZVSA,health_care
ZYBT,health_care
ZYME,health_care
ZYXI,health_care
